address,zipcode,Indirizzo
Via Giordano Bruno 191,10134,Via Giordano Bruno
San Domenico 13,10122,San Domenico
Via Capriolo Luigi 18,10139,Via Capriolo Luigi
Via Massena Andrea 36,10128Ê,Via Massena Andrea
Via Cottolengo 15,10152,Via Cottolengo
VIA DELLE ROSINE 3,10123,VIA DELLE ROSINE
Via Maria Vittoria 39,10123Ê,Via Maria Vittoria
Via Bobbio 3,10141Ê,Via Bobbio
Corso Unione Sovietica 312,10135,Corso Unione Sovietica
Via San Secondo 70,10128,Via San Secondo
Via Lanfranchi Francesco 16,10131,Via Lanfranchi Francesco
Via Accademia Albertina 14,10123,Via Accademia Albertina
Via Giolitti Giovanni 29,10123,Via Giolitti Giovanni
Via Santa Lucia 89/97,10133,Via Santa Lucia
Corso Venezia 11,10147,Corso Venezia
Strada Comunale Cascinotto 59,10156,Strada Comunale Cascinotto
Via Maddona Della Salette 20,10146,Via Maddona Della Salette
Piazza Rebaudengo Conti Di 22,10155,Piazza Rebaudengo Conti Di
Via Delle Rosine 7,10123,Via Delle Rosine
Corso Palestro 14,10122,Corso Palestro
Via Maria Ausiliatrice 36,10152,Via Maria Ausiliatrice
PIAZZA PALEOCAPA 2,10121,PIAZZA PALEOCAPA
CORSO PALERMO 90,10154,CORSO PALERMO
Via Nizza 230,10127,Via Nizza
Via Caraglio 97,10141Ê,Via Caraglio
Via C. I. Giulio 8,10122,Via C. I. Giulio
Via Massena Andrea 34,10128,Via Massena Andrea
Via San Pio V 15,10125Ê,Via San Pio V
Via Maria Ausilliatrice 9,10152Ê,Via Maria Ausilliatrice
Via Della Basilica 4,10122,Via Della Basilica
VIA CIMABUE 2,10137,VIA CIMABUE
CORSO LIONE 24,10141Ê,CORSO LIONE
VIA GALLIARI BERNARDINO 30,10125,VIA GALLIARI BERNARDINO
Via Madama Cristina 1,10125,Via Madama Cristina
VICOLO CROCETTA 5,10129,VICOLO CROCETTA
VIA SPOLETO 9,10143,VIA SPOLETO
Via Saluzzo 58,10125,Via Saluzzo
Strada Comunale Cascinotto 59,10156,Strada Comunale Cascinotto
Corso Principe Oddone 22,10122,Corso Principe Oddone
Via Pomba Giuseppe 21,10123Ê,Via Pomba Giuseppe
STATI UNITI 11,10128,STATI UNITI
VIA SALERNO 12,10152,VIA SALERNO
Via Andreis Vittorio 18,10152,Via Andreis Vittorio
Via Tarino Luigi 1,10124,Via Tarino Luigi
Piazza Rebaudengo Conti Di 22,10155,Piazza Rebaudengo Conti Di
Via Maria Ausiliatrice 36,10152,Via Maria Ausiliatrice
Corso Peschiera 90,10138,Corso Peschiera
Strada Valpiana 31,10132,Strada Valpiana
Via Capriolo 18,10139,Via Capriolo
VIA TRAVES 28,10151,VIA TRAVES